"CiteID","Bibcite","Citation"
"Adebiy_2012","\citep{Adebiyi:2012aa}","Adebiyi, F. A. (2012). Aspects of reproductive biology of big eye grunt Brachydeuterus auritus (Valenciennes, 1832). Nature and Science, 10(2), 19-24."
"Adebiyi_2013","\citep{Adebiyi:2013aa}","Adebiyi, F. A. (2013). Length-Frequency Distribution, Length-Weight Relationship and Condition Factor of Sompat Grunt Pomadasys jubelini (Cuvier, 1830) off Lagos Coast, Nigeria. Pertanika Journal of Tropical Agricultural Science, 36(4)."
"Alarcón_2017","\citep{Alarcon:2017aa}","Alarcón, M., Eslava, N., González, L.W. and Guevara, F., 2017. Growth and mortality of the triggerfish Canthidermis sufflamen (Perciformes: Balistidae) from Los Frailes and Los Testigos Archipelagos, Venezuela. Revista de Biología Tropical, 65(3), pp.858-867."
"Albert_1983","\citep{Albert:1983aa}","Albert, A.M., 1983. Estimation of oxygen consumption of lithobiid field populations from laboratory measurements. Oecologia, 56, pp.280-291."
"Anderson_1999","\citep{Anderson:1999aa}","Anderson, M. T., & Mathis, A. (1999). Diets of two sympatric neotropical salamanders, Bolitoglossa mexicana and B. rufescens, with notes on reproduction for B. rufescens. Journal of Herpetology, 601-607."
"Andreasen_1973","\citep{Andreasen:1973aa}","Andreasen, J. K. (1973). Reproductive life history of Catostomus ardens and Catostomus discobolus in the Weber River, Utah."
"Andreone_1999","\citep{Andreone:1999aa}","Andreone, F., De Michelis, S. and Clima, V., 1999. A montane amphibian and its feeding habits: Salamandra lanzai (Caudata, Salamandridae) in the Alps of northwestern Italy. Italian Journal of Zoology, 66(1), pp.45-49."
"Aneesh_2014","\citep{Aneesh:2014aa}","Aneesh, K.K.V., P. Pravin, N. Ragesh, B. Meenakumari. 2013. Length-weight relationship of neon flying squid Ommastrephes bartramii (Cephalopoda: Ommastrephidae) caught from Indian sector of Southern Ocean. Indian Journal of Geo-Marine Science. 43:1581-1584."
"Aoya_2018","\citep{Aoya:2018aa}","青谷晃吉, 2018. 酸性河川 (秋田県玉川水系渋黒川) における底生動物群集組成の季節変動と特性. 陸水生物学報, 33, pp.35-47."
"Arshad_2007","\citep{Arshad:2007aa}","Arshad, A., Amin, S. N., Siraj, S. S., & Japar, S. B. (2007). New distribution records of sergestid shrimp, Acetes intermedius (Decapoda: Sergestidae) from Peninsular Malaysia with notes on its population characteristics. Journal of Biological Sciences, 7(8), 1305-1313."
"Arudpragasam_1964","\citep{Arudpragasam:1964aa}","ARUDPRAGASAM, K. D., AND E. YLOR (1964). GILL VENTILATION VOLUMES, OXYGEN CONSUMPTION AND RESPIRATORY RHYTHMS IN CARCINUS MAES (L.) . J. Exp. Biol., 41, 309-321"
"Aydın_2018","\citep{Aydin:2018aa}","Aydın, Mehmet. ""Length-weight relationships and condition factors of five crab species (Decapoda) in the Black Sea."" (2018): 1519-1524."
"Badouvas_2022","\citep{Badouvas:2022aa}","Badouvas, N., Somarakis, S., & Tsagarakis, K. (2022). Length–weight relations of 16 mesopelagic fishes (Actinopterygii: Myctophiformes and Stomiiformes) from the eastern Mediterranean Sea. Acta Ichthyologica et Piscatoria, 52, 279-283."
"Baeta_2016","\citep{Baeta:2016aa}","Baeta, M., Galimany, E., Ramón, M. (2016) Growth and reproductive biology of the sea star Astropecten aranciacus (Echinodermata, Asteroidea) on the continental shelf of the Catalan Sea (northwestern Mediterranean). Helgoland Marine Research 70: 1"
"Ball_2015","\citep{Ball:2015aa}","Ball, S.L., Woodcock, B.A., Potts, S.G. and Heard, M.S., 2015. Size matters: body size determines functional responses of ground beetle interactions. Basic and Applied Ecology, 16(7), pp.621-628."
"Båmstedt_2015","\citep{Bamstedt:2015aa}","Båmstedt, U., & Martinussen, M. B. (2015). Ecology and behavior of Bolinopsis infundibulum (Ctenophora; Lobata) in the Northeast Atlantic. Hydrobiologia, 759, 3-14."
"Bancila_2010","\citep{Bancila:2010aa}","Băncilă, R. I., Hartel, T., Plăiaşu, R., Smets, J., & Cogălniceanu, D. (2010). Comparing three body condition indices in amphibians: a case study of yellow-bellied toad Bombina variegata. Amphibia-Reptilia, 31(4), 558-562."
"Barradas_2016","\citep{Barradas:2016aa}","Barradas, J. R., Lermen, I. S., Larré, G. G., Martins, T. P., & Fontoura, N. F. (2016). Polyphasic growth in fish: a case study with Corydoras paleatus (Siluriformes, Callichthyidae). Iheringia. Série Zoologia, 106."
"Barrientos-Medina_2013","\citep{Barrientos-Medina:2013aa}","Barrientos-Medina, R. C., Aviles-Torres, S., & Navarro-Alberto, J. A. (2013). Length–weight relations of eight fish species from a small Caribbean coastal lagoon, Mexico. Acta Ichthyologica et Piscatoria, 43, 71-74."
"Barriga-Vallejo_2015","\citep{Barriga-Vallejo:2015aa}","Barriga-Vallejo, C., Hernandez-Gallegos, O., Von-Herbing, I. H., López-Moreno, A. E., Ruiz-Gómez, M. D. L., Granados-Gonzalez, G., ... & Davis, A. K. (2015). Assessing population health of the Toluca Axolotl Ambystoma rivulare (Taylor, 1940) from México using leukocyte profiles. Herpetological Conservation and Biology, 10(2), 592-601."
"Batista_2012","\citep{Batista:2012aa}","BATISTA, C.H.D.O., 2012. Biologia reprodutiva do mercador, Anisotremus virginicus (Linnaeus, 1758), capturado no litoral Norte do Estado de Pernambuco."
"Beck_1993","\citep{Beck:1993aa}","Beck, Gregor Gilpin ,Thomas G. Smith, Michael O. Hammil (1993) Evaluation of Body Condition in the Northwest Atlantic Harp Seal (Phoca groenlandica) Canadian Journal of Fisheries and Aquatic Sciences, 1993, 50(7): 1372-1381"
"Bekova_2020","\citep{Bekova:2020aa}","Bekova, R.I., Raikova-Petrova, G., Panayotova, M.D. and Prodanov, B.K., 2020. Relationships between Size, Weight, Age and Fecundity of the Chelon auratus and Chelon saliens (Mugilidae) from the Bulgarian Black Sea Coast. Ecologia Balkanica."
"Bell_1977","\citep{Bell:1977aa}","Bell, R. S. (1977). Feeding biology of the starfish Conscinasterias calamaria (Gray), 1840 (Asteroidea: Asteriidae) (Doctoral dissertation, University of Tasmania)."
"Bell_2007","\citep{Bell:2007aa}","Bell, S. L. M., T. B. Herman and R. J. Wassersug. Ecology of Thamnophis sauritus (Eastern Ribbon Snake) at the northern limit of its range. Northeastern Naturalist 14:279-292"
"Berge_2013","\citep{Berge:2013aa}","Berge, J., & Nahrgang, J. (2013). The Atlantic spiny lumpsucker Eumicrotremus spinosus: life history traits and the seemingly unlikely interaction with the pelagic amphipod Themisto libellula."
"Bilgin_2009","\citep{Bilgin:2009aa}","Bilgin S, Samsun O, Ozen O. Seasonal growth and reproduction biology of the Baltic prawn, Palaemon adspersus (Decapoda: Palaemonidae), in the southern Black Sea. Journal of the Marine Biological Association of the United Kingdom. 2009;89(3):509-519. doi:10.1017/S0025315408003056"
"Bjerregaard_2021","\citep{Bjerregaard:2021aa}","Bjerregaard, P. and Møller, L.M., 2021. Exposure to methylmercury and inorganic mercury in the food does not lead to trophic magnification in the sea star Asterias rubens. Environmental Pollution, 285, p.117401."
"Blaine_2007","\citep{Blaine:2007aa}","Blaine, J., Lowry, D., & Pacunski, R. (2007). 2002-2007 WDFW scientific bottom trawl surveys in the southern Salish Sea: species distributions, abundance, and population trends. Washington Department of Fish and Wildlife, Olympia, WA, 252."
"Bojsen_2005","\citep{Bojsen:2005aa}","Bojsen, B. H. (2005). Diet and condition of three fish species (Characidae) of the Andean foothills in relation to deforestation. Environmental Biology of Fishes, 73, 61-73."
"Booth_1982","\citep{Booth:1982aa}","Booth, McMahon and Pinder (1982) Oxygen uptake and the potentiating effects of increased hemolymph lactate on oxygen transport during exercise in the blue crab,Callinectes sapidus. Journal of Comparative Physiology 148(1): 111–121"
"Borzee_2018","\citep{Borzee:2018aa}","Borzée, A., Kim, M., Kim, J. Y., Kim, T., & Jang, Y. (2018). Microhabitat use during brumation in the Japanese treefrog, Dryophytes japonicus. Amphibia-Reptilia, 39(2), 163-175."
"Bovo_2012","\citep{Bovo:2012aa}","Bovo, R. P., & Sueiro, L. R. (2012). Records of predation on Itapotihyla langsdorffii (Anura: Hylidae) by Chironius bicarinatus (Serpentes: Colubridae) with notes on foraging substrate."
"Bowen_1981","\citep{Bowen:1981aa}","Bowen, W. D., Capstick, C. K., & Sergeant, D. E. (1981). Temporal changes in the reproductive potential of female harp seals (Pagophilus groenlandicus). Canadian Journal of Fisheries and Aquatic Sciences, 38(5), 495-503."
"Brodeur_2020","\citep{Brodeur:2020aa}","Brodeur, J. C., Candioti, J. V., Damonte, M. J., Bahl, M. F., Poliserpi, M. B., & D'andrea, M. F. (2020). Frog somatic indices: Importance of considering allometric scaling, relation with body condition and seasonal variation in the frog Leptodactylus latrans. Ecological Indicators, 116, 106496."
"Burbidge_1969","\citep{Burbidge:1969aa}","Burbidge, R. G. (1969). Age, growth, length-weight relationship, sex ratio, and food habits of American smelt, Osmerus mordax (Mitchill), from Gull Lake, Michigan. Transactions of the American Fisheries Society, 98(4), 631-640."
"Bustnes_1988","\citep{Bustnes:1988aa}","Bustnes, J.O. and Erikstad, K.E., 1988. The diets of sympatric wintering populations of common eider Somateria mollissima and king eider S. spectabilis in northern Norway. Ornis Fennica, 65(4), pp.163-168."
"Byrkjedal_2015","\citep{Byrkjedal:2015aa}","Byrkjedal, I., Christiansen, J.S., Karamushko, O.V., Langhelle, G. and Lynghammar, A. (2015), Arctic skate Amblyraja hyperborea preys on remarkably large glacial eelpouts Lycodes frigidus. J Fish Biol, 86: 360-364."
"Cameron_1985","\citep{Cameron:1985aa}","Cameron, J. N. (1985). The bone compartment in a teleost fish, Ictalurus punctatus: size, composition and acid-base response to hypercapnia. Journal of experimental biology, 117(1), 307-318."
"Campbell_2008","\citep{Campbell:2008aa}","Campbell, L., P. Verburg, D.G. Dixon, and R.E. Hecky. 2008. Mercury biomagnification in the food web of Lake Tanganyika (Tanzania, East Africa). Science of the Total Environment 402:184-191."
"Carbonell_1998","\citep{Carbonell:1998aa}","Carbonell, A., & Abelló, P. (1998). Distribution characteristics of pandalid shrimps (Decapoda: Caridea: Pandalidae) along the western Mediterranean Sea. Journal of Natural History, 32(10-11), 1463-1474."
"Cardozo‐Ferreira_2016","\citep{Cardozo-Ferreira:2016aa}","Cardozo‐Ferreira, G. C., & Joyeux, J. C. (2016). Length–weight relationships for 19 labrid species from the southern Atlantic Ocean. Journal of Applied Ichthyology, 32(6), 1294-1297."
"Castro_2016","\citep{Castro:2016aa}","Castro, I. M., Reboucas, R., & Sole, M. (2016). Diet of Dendropsophus branneri (Cochran, 1948)(Anura: Hylidae) from a cocoa plantation in southern Bahia, Brazil. North-Western Journal of Zoology, 12(1), 159-165."
"Cervigón_1992","\citep{Cervigon:1992aa}","Cervigón, F., R. Cipriani, W. Fischer, L. Garibaldi, M. Hendrickx, A.J. Lemus, R. Márquez, J.M. Poutiers, G. Robaina and B. Rodriguez, 1992. Fichas FAO de identificación de especies para los fines de la pesca. Guía de campo de las especies comerciales marinas y de aquas salobres de la costa septentrional de Sur América. FAO, Rome. 513 p. Preparado con el financiamento de la Comisión de Comunidades Europeas y de NORAD."
"Chamundeeswari_2013","\citep{Chamundeeswari:2013aa}","Chamundeeswari, K., Saranya, S., Shanker, S., Varadharajan, D., & Rajagopal, S. (2013). New occurrence of abnormal sea star, Astropecten indicus from Mudasalodai, south east coast of India. Cell & Developmental Biology, 2(2), 1000116."
"Chastant_2014","\citep{Chastant:2014aa}","Chastant, J. E., King, D. T., Weseloh, D. C. and Moore, D. J. (2014), Population dynamics of double‐crested cormorants in two interior breeding areas. Jour. Wild. Mgmt., 78: 3-11."
"Chavez-Lopez_2025","\citep{Chavez-Lopez:2025aa}","Chávez-López, R., Monroy-Praxedis, K. P., Montoya-Mendoza, J., Morán-Silva, Á., & Cházaro-Olvera, S. (2025). Feeding and growth of the lionfish Pterois volitans (Linnaeus, 1758) in the southern zone of the Veracruz Reef System. Latin American Journal of Aquatic Research, 53(3)."
"Chikugo_2013","\citep{Chikugo:2013aa}","Chikugo, K., Yamaguchi, A., Matsuno, K., Saito, R. and Imai, I., 2013. Life history and production of pelagic mysids and decapods in the Oyashio region, Japan. Crustaceana, 86(4), pp.449-474."
"Chilari_2005","\citep{Chilari:2005aa}","Chilari, A., Thessalou-Legaki, M., & Petrakis, G. (2005). Population structure and reproduction of the deep-water shrimp Plesionika martia (Decapoda: Pandalidae) from the eastern Ionian Sea. Journal of Crustacean Biology, 25(2), 233-241."
"Chipps_2002","\citep{Chipps:2002aa}","Chipps, S. R., & Bennett, D. H. (2002). Evaluation of a Mysis bioenergetics model. Journal of Plankton Research, 24(1), 77-82."
"Chomsky_2004","\citep{Chomsky:2004aa}","Chomsky, O., Y. Kamenir, M. Hyams, Z. Dubinsky, N.E. Chadwick-Furman (2004) Effects of feeding regime on growth rate in the Mediterranean Sea anemone Actinia equina (Linnaeus). Journal of Experimental Marine Biology and Ecology, 299(2): 217-229."
"Clavier_1992","\citep{Clavier:1992aa}","Clavier Jacques, Garrigue Claire, Barbigant Georges, Di Matteo Angelo, Hamel Pascal, Kulbicki Michel, Urbain Roger. (1992). Etude quantitative du benthos dans le lagon d'Ouvéa : liste taxonomique, densités et biomasses du macrobenthos, ATP, pigments photosynthétiques et matière organique dans le sédiment = Ouvea lagoon benthos quantitative study : taxonomic checklist, macrobenthos densities and biomasses, ATP, photosynthetic pigments and organic matter in the sediment. Nouméa : ORSTOM, 72 p. multigr. (Sciences de la Mer.Biologie Marine.Rapports Scientifiques et Techniques ; 64)."
"Cortes_2002","\citep{Cortes:2002aa}","Cortés, E. (2002). Incorporating uncertainty into demographic modeling: application to shark populations and their conservation. Conservation biology, 16(4), 1048-1062."
"Courtene-Jones_2017","\citep{Courtene-Jones:2017aa}","Courtene-Jones, W., Quinn, B., Gary, S. F., Mogg, A. O., & Narayanaswamy, B. E. (2017). Microplastic pollution identified in deep-sea water and ingested by benthic invertebrates in the Rockall Trough, North Atlantic Ocean. Environmental pollution, 231, 271-280."
"Cowles_1991","\citep{Cowles:1991aa}","Cowles, D. L., J. J. Childress, and M. E. Wells. ""Metabolic rates of midwater crustaceans as a function of depth of occurrence off the Hawaiian Islands: food availability as a selective factor?."" Marine Biology 110 (1991): 75-83."
"CruCitti_2020","\citep{Crucitti:2020aa}","Crucitti, Pierangelo & Bombarda, Francesca & Doglio, Stefano & Emiliani, Federica & Tessa, Giulia & Tringali, Luca. (2020). Autoecology of Salamandrina perspicillata (Savi, 1821) in a lowland site of Central Italy (Caudata, Salamandridae).. 112. 263-279."
"Cruz_1987","\citep{Cruz:1987aa}","Cruz, G.A. Reproductive Biology and Feeding Habits of Cuyamel, Joturus Pichardi and Tepemechín, Agonostomus Monticola (Pisces; Mugilidae) from Rio Plátano, Mosquitia, Honduras. Bulletin of Marine Science 40(1): 63-72, 1987."
"Curi_2014","\citep{Curi:2014aa}","Curi, L. M., Olea, G., Álvarez, B. B., Céspedez, J. A., & Lombardo, D. M. (2014). Reproductive aspects of Dendropsophus sanborni (Anura, Hylidae) in northeastern Argentina. Iheringia. Série Zoologia, 104, 432-438."
"Daly_1972","\citep{Daly:1972aa}","Daly, J. M. (1972). The maturation and breeding biology of Harmothoe imbricata (Polychaeta: Polynoidae). Marine Biology, 12(1), 53-66."
"Das_2021","\citep{Das:2021aa}","Das, S. K., Tou, W. X., Noor, N. M., De, M., & Samat, A. (2021). Length-weight relationship, condition factor, and age estimation of commercially important trawl species from Mersing coastal waters, Johor, Malaysia. Sains Malaysiana, 50(1), 1-7."
"DAuria_1995","\citep{DAuria:1995aa}","D'Auria, M. V., Paloma, L. G., Minale, L., Riccio, R., & Zampella, A. (1995). On the composition of sulfated polyhydroxysteroids in some ophiuroids and the structure determination of six new constituents. Journal of Natural Products, 58(2), 189-196."
"Davalos-Martínez_2022","\citep{Davalos-Martinez:2022aa}","Dávalos-Martínez, A., de Jesús Fraustros-Sandoval, A., Rosas-Espinoza, V. C., Padilla-Miranda, L., & Santiago-Pérez, A. L. (2022). Sinaloa Toad, Incilius mazatlanensis (Taylor, 1940), and Ringneck Snake, Diadophis punctatus (Linnaeus, 1766), as prey of Loggerhead Shrike, Lanius ludovicianus, in western-central México. Herpetology Notes, 15, 545-547."
"Davidson_1987","\citep{Davidson:1987aa}","Davidson, R.J. and Marsden, I.D., 1987. Size relationships and relative growth of the New Zealand swimming crab Ovalipes catharus (White, 1843). Journal of Crustacean Biology, 7(2), pp.308-317."
"Davis_1985","\citep{Davis:1985aa}","Davis, C.S., P.H. Wiebe. 1985. Macrozooplankton biomass in a warm-core gulf stream ring: Time series changes in size structure, taxonomic composition, and vertical distribution. Journal of Geophysical Research. 90:8871-8884."
"Davoult_1992","\citep{Davoult:1992aa}","Davoult, D., Degros, N., Janquin, M.A. and Soyez, B., 1992. Biometrics, carbon and nitrogen content in the ophiuroid Ophiothrix fragilis. Journal of the Marine Biological Association of the United Kingdom, 72(4), pp.915-918."
"deAstarloa_1995","\citep{Astarloa:1995aa}","de Astarloa, J. M. D., & Figueroa, D. E. (1995). Scrawled cowfish, Acanthostracion quadricornis (Tetraodontiformes: Ostraciidae), collected from Argentine waters. Japanese Journal of Ichthyology, 41(4), 466-468."
"Deja_2019","\citep{Deja:2019aa}","Deja, K., Ormańczyk, M., & Dragańska-Deja, K. (2019). Plankton or benthos: where krill belongs in Spitsbergen fjords?(Svalbard Archipelago, Arctic). Polar Biology, 42(8), 1415-1430."
"DelRio-Garcia_2014","\citep{Del-Rio-Garcia:2014aa}","Del Río-García, J.S., Serrano-Cardozo, V.H. and Ramírez-Pinilla, M.P., 2014. Diet and microhabitat use of Bolitoglossa cf. pandi (Caudata: Plethodontidae) from the Cordillera Oriental of Colombia. South American Journal of Herpetology, 9(1), pp.52-61."
"Dempster_1995","\citep{Dempster:1995aa}","Dempster, Y.L., 1995. Biochemical and morphological systematics of the Southern African gastropod genera Burnupena (Buccinidae) and Oxystele (Trochidae)."
"deOliveira_2019","\citep{Oliveira:2019aa}","de Oliveira, R. M., Schilling, A. C., & Solé, M. (2019). Trophic ecology of two Pithecopus species (Anura: Phyllomedusidae) living in syntopy in southern Bahia, Brazil. Studies on Neotropical Fauna and Environment, 54(1), 10-21."
"Dienye_2021","\citep{Dienye:2021aa}","Dienye, H. E., Olopade, O. A., & Amachree, E. T. (2021). Growth Parameters and Exploitation of Endangered Lady Fish (Elops lacerta Valenciennes, 1847) in the Obuama Creek, Rivers State, Nigeria. Journal of Aquatic Biology and Fisheries, 9, 92-98."
"Donnelly_1993","\citep{Donnelly:1993aa}","Donnelly, J., Stickney, D. G., & Torres, J. J. (1993). Proximate and elemental composition and energy content of mesopelagic crustaceans from the Eastern Gulf of Mexico. Marine Biology, 115, 469-480."
"DosSantos_2022","\citep{Santos-Fernandes:2022aa}","dos Santos Fernandes, C. E. Comparative liver morphology associated with the hepatosomatic index in five Neotropical anuran species."
"Durand_1998","\citep{Durand:1998aa}","Durand and Regnault (1998) Nitrogen metabolism of two portunid crabs, carcinus maenas and necora puber, during prolonged air exposure and subsequent recovery: a comparative study. Journal of Experimental Biology 201: 2515-2528;"
"Durden_2016","\citep{Durden:2016aa}","Durden, J.M., Bett, B.J., Horton, T., Serpell-Stevens, A., Morris, K.J., Billett, D.S. and Ruhl, H.A., 2016. Improving the estimation of deep-sea megabenthos biomass: dimension to wet weight conversions for abyssal invertebrates. Marine Ecology Progress Series, 552, pp.71-79."
"El-Danasoury_2016","\citep{El-Danasoury:2017aa}","El‐Danasoury, H., Cerecedo, C., Córdoba, M., & Iglesias‐Piñeiro, J. (2017). Predation by the carabid beetle Harpalus rufipes on the pest slug Deroceras reticulatum in the laboratory. Annals of Applied Biology, 170(2), 251-262."
"ELLIOTT_2008","\citep{elliott2008mass}","ELLIOTT, K.H. and GASTON, A.J., 2008. Mass-length relationships and energy content of fishes and invertebrates delivered to nestling thick-billed murres Uria lomvia in the Canadian Arctic, 1981-2007. Marine Ornithology, 36, pp.25-34."
"Emery_1973","\citep{Emery:1973aa}","Emery, A. R. (1973). Comparative ecology and functional osteology of fourteen species of damselfish (Pisces: Pomacentridae) at Alligator Reef, Florida Keys. Bulletin of Marine Science, 23(3), 649-770."
"Erlinge_1987","\citep{Erlinge:1987aa}","Erlinge, S. (1987). Why do European stoats Mustela erminea not follow Bergmann's Rule?. Ecography, 10(1), 33-39."
"Ernest_2003","\citep{Ernest:2003aa}","Ernest, S.K. Morgan. (2003). Life history characteristics of placental nonvolant mammals. Ecology. 84. 3402-3402. 10.1890/02-9002."
"Fabre_2013","\citep{Fabre:2013aa}","Fabre, Anne-Claire, Raphael Cornette, Stéphane Peigné, Anjali Goswami; Influence of body mass on the shape of forelimb in musteloid carnivorans, Biological Journal of the Linnean Society, Volume 110, Issue 1, 1 September 2013, Pages 91–103"
"Fahy_2008","\citep{Fahy:2008aa}","Fahy, E., Carroll, J., Smith, A., Murphy, S., & Clarke, S. (2008). Ireland's Velvet Crab (Necora puber (L.)) pot fishery. In Biology and Environment: Proceedings of the Royal Irish Academy (Vol. 108, No. 3, pp. 157-175). Royal Irish Academy."
"Fazli_2021","\citep{Fazli:2021aa}","Fazli, H., Daryanabard, G., Naderi Jolodar, M., Mollaei, H., Taleshian, H., & Bagherzadeh, F. (2021). Length-weight relationship, condition factor and relative condition factor of Alosa braschnikowi and A. caspia in the southeast of the Caspian Sea (Goharbaran). Caspian Journal of Environmental Sciences, 19(1), 105-113."
"Fellers_2007","\citep{Fellers:2007aa}","Fellers, G.M. and Kleeman, P.M., 2007. California red-legged frog (Rana draytonii) movement and habitat use: implications for conservation. Journal of Herpetology, 41(2), pp.276-286."
"Fenchel_1965","\citep{Fenchel:1965aa}","Fenchel, T. (1965). Feeding biology of the sea-star Luidia sarsi Düben & Koren. Ophelia, 2(2), 223-236."
"Ferreri_2014","\citep{Ferreri:2014aa}","Ferreri, Gaston A. Bazzino (2014) Length—Weight Relationships and Condition Factors of the Humboldt Squid (dosidicus Gigas) from the Gulf of california and the Pacific Ocean. Journal of Shellfish Research 33(3):769-780."
"Field_etal_2007","\citep{Field:2007aa}","Field, J.C., K. Baltz, A.J. Phillips, W.A. Walker. 2007. Range expansion and trophic interactions of the jumbo squid, Dosidicus gigas, in the California Current. California Cooperative Oceanic Fisheries Investigations Report. 48:131."
"Forsythe_1989","\citep{Forsythe:1989aa}","Forsythe and Hanlon (1989) Growth of the Eastern Atlantic squid, Loligo forbesi Steenstrup (Mollusca: Cephalopoda). 20(1): 1-14"
"Freitas_2014","\citep{Freitas:2014aa}","Freitas, T.M.S., Prudente, B.S., Fontoura, N.F. and Montag, L.F.A., 2014. Length‐weight relationships of dominant fish species from C axiuanã N ational F orest, E astern A mazon, B razil. Journal of Applied Ichthyology, 30(5), pp.1081-1083."
"Froese_2014","\citep{Froese:2014aa}","Froese, R., J. Thorson and R.B. Reyes Jr., 2014. A Bayesian approach for estimating length-weight relationships in fishes. J. Appl. Ichthyol. 30(1):78-85."
"Frost_1983","\citep{Frost:1983aa}","Frost, K. J., & Lowry, L. F. (1983). Demersal fishes and invertebrates traweled in the northeastern Chukchi and western Beaufort Seas, 1976-77. NOAA Technical Report NMFS SSRF-764"
"Frota_2004","\citep{Frota:2004aa}","Frota, L. O., Costa, P. A. S., & Braga, A. C. (2004). Length-weight relationships of marine fishes from the central Brazilian coast. NAGA, WorldFish Center Quarterly Vol. 27 No. 1 & 2 Jan-Jun 2004"
"Fu_2013","\citep{Fu:2013aa}","Fu, V. W. K., Karraker, N. E., & Dudgeon, D. (2013). Breeding dynamics, diet, and body condition of the Hong Kong newt (Paramesotriton hongkongensis). Herpetological Monographs, 27(1), 1-22."
"Fujita_1990","\citep{Fujita:1990aa}","Fujita, T., & Ohta, S. (1990). Size structure of dense populations of the brittle star Ophiura sarsii (Ophiuroidea: Echinodermata) in the bathyal zone around Japan. Marine Ecology Progress Series, 113-122."
"Funakoshi_2005","\citep{Funakoshi:2005aa}","FUNAKOSHI, S. (2005), Intraspecific and interspecific competition for larval nests of the caddisflies Stenopsyche marmorata and Stenopsyche sauteri. Entomological Science, 8: 339-345. https://doi.org/10.1111/j.1479-8298.2005.00133.x"
"Galván-Villa_2021","\citep{Galvan-Villa:2021aa}","Galván-Villa, C. M., & Solís-Marín, F. A. (2021). Population size structure and abnormalities in the number of rays of the Sea Star Pentaceraster cumingi (Valvatida: Oreasteridae) in Bahía Chamela, Mexican Pacific. Revista de Biología Tropical, 69(1), 262-273."
"García-Montes_1966","\citep{Garcia-Montes:1987aa}","García-Montes, J.F., Gracia, A. and Soto, L.A., 1987. Morphometry, relative growth and fecundity of the Gulf crab, Callinectes similis Williams, 1966 (Decapoda: Portunidae). Ciencias Marinas, 13(4), pp.137-161."
"Genkai-Kato_2007","\citep{Genkai-Kato:2007aa}","Genkai-Kato, M., & Miyasaka, H. (2007). Length-weight relationships of four predatory stonefly species in Japan. Limnology, 8, 171-174."
"Gerlach_1976","\citep{Gerlach:1976aa}","Gerlach, S.A., Ekstrøm, D.K. and Eckardt, P.B., 1976. Filter feeding in the hermit crab: Pagurus bernhardus. Oecologia, 24(3), pp.257-264."
"Gonzalez_2002","\citep{Gonzalez:2002aa}","González, J. M., Basaguren, A., & Pozo, J. (2002). Size-mass relationships of stream invertebrates in a northern Spain stream. Hydrobiologia, 489, 131-137."
"Gorbatenko_2009","\citep{Gorbatenko:2009aa}","Gorbatenko, K.M., Nikolayev, A.V., Figurkin, A.L. et al. Russ J Mar Biol (2009) 35: 579."
"Grant_2012","\citep{Grant:2012aa}","Grant, W. S. and Cheng, W. (2012), Incorporating deep and shallow components of genetic structure into the management of Alaskan red king crab. Evolutionary Applications, 5: 820-837."
"Grebel_2003","\citep{Grebel:2003aa}","Grebel, J.M., 2003. Age, growth, and maturity of cabezon, Scorpaenichthys marmoratus, in California. San Jose State University."
"Greeley_1984","\citep{Greeley:1984aa}","Greeley, M. S. (1984). Spawning by Fundulus pulvereus and Adinia xenica (Cyprinodontidae) along the Alabama Gulf coast is associated with the semilunar tidal cycles. Copeia, 1984(3), 797-800."
"Grigione_2002","\citep{Grigione:2002aa}","Grigione, M., Beier, P., Hopkins, R., Neal, D., Padley, W., Schonewald, C., & Johnson, M. (2002). Ecological and allometric determinants of home-range size for mountain lions (Puma concolor). Animal Conservation, 5(4), 317-324."
"Guerra_1994","\citep{Guerra:1994aa}","Guerra, A., & Rocha, F. (1994). The life history of Loligo vulgaris and Loligo forbesi (Cephalopoda: Loliginidae) in Galician waters (NW Spain). Fisheries research, 21(1-2), 43-69."
"Gurkan_2007","\citep{Gurkan:2007aa}","Gurkan, S., & Taskavak, E. (2007). Length-weigth relationships for syngnathid fishes of the Aegean Sea, Turkey. Belgian Journal of Zoology, 137(2), 219."
"Haacke_1993","\citep{Haacke:1993aa}","HAACKE, W., KUBIERSKE, H., ULBER, T., BATES, M., Board, O. B. N. P., BURGER, M., ... & HAAGNER, G. (1993). GEOGRAPHICAL DISTRIBUTION. The Journal of the Herpetological Association of Africa, 42(1), 40-43."
"Hanlon_1983","\citep{Hanlon:1983aa}","Hanlon, R. T., Hixon, R. F., & Hulet, W. H. (1983). Survival, growth, and behavior of the loliginid squids Loligo plei, Loligo pealei, and Lolliguncula brevis (Mollusca: Cephalopoda) in closed sea water systems. The Biological Bulletin, 165(3), 637-685."
"Harvey_2012","\citep{Harvey:2012aa}","Harvey, H. R., Pleuthner, R. L., Lessard, E. J., Bernhardt, M. J., & Shaw, C. T. (2012). Physical and biochemical properties of the euphausiids Thysanoessa inermis, Thysanoessa raschii, and Thysanoessa longipes in the eastern Bering Sea. Deep Sea Research Part II: Topical Studies in Oceanography, 65, 173-183."
"Hatfield_2002","\citep{Hatfield:2002aa}","Hatfield and Cadrin (2002) Geographic and temporal patterns in size and maturity of the longfin inshore squid (Loligo pealeii) off the northeastern United States.  Fish. Bull. 200–213"
"Hayashi_1999","\citep{Hayashi:1999aa}","Hayashi, F., 1999. Ejaculate production schedule and the degree of protandry in fishflies (Megaloptera: Corydalidae). Functional Ecology, 13(2), pp.178-189."
"Heggland_2015","\citep{Heggland:2015aa}","Heggland, K. N., Ottesen, C., & Berge, J. (2015). Aspects of the life history of the Atlantic poacher, Leptagonus decagonus, in Svalbard waters. Polish Polar Research, 36(1), 79-87."
"Henschel_1994","\citep{Henschel:1994aa}","Henschel, J. R. (1994). Diet and foraging behaviour of huntsman spiders in the Namib dunes (Araneae: Heteropodidae). Journal of Zoology, 234(2), 239-251."
"Hirota_1974","\citep{Hirota:1974aa}","Hirota, J. (1974). Quantitative natural history of Pleurobrachia bachei in La Jolla Bight. Fish. Bull, 72, 295-335."
"Hirst_1998","\citep{Hirst:1998aa}","Hirst, A. G., & Lucas, C. H. (1998). Salinity influences body weight quantification in the scyphomedusa Aurelia aurita: important implications for body weight determination in gelatinous zooplankton. Marine Ecology Progress Series, 165, 259-269."
"Holthuis_1991","\citep{Holthuis:1991aa}","Holthuis (1991). ""Homarus americanus"". FAO Species Catalogue, Volume 13. Marine Lobsters of the World. FAO Fisheries Synopsis No. 125. Food and Agriculture Organization. p. 58. ISBN 92-5-103027-8. Archived from the original on 2011-06-08."
"IGFA_2025","\citep{IGFA:2025aa}","IGFA, 2025. Database of IGFA angling records until 2025. IGFA, Fort Lauderdale, USA."
"Ignasiak_2017","\citep{Ignasiak:2017aa}","Ignasiak, E., Steffensmeier, Z., Warfield, E., Bratti, F., & Simon, T. P. (2017). Length-weight relationships, age and growth, and body condition of the Spottail Shiner (Notropis hudsonius)(Clinton 1824) in the western basin of Lake Erie. The Ohio Journal of Science, 117(2), 16-26."
"Ito_2024","\citep{Ito:2024aa}","Ito, M., Sugita, S., Nakamura, M., & Ujihara, Y. (2024). Impact of habitat on ventricular stiffness in anurans: insights from Xenopus borealis and Buergeria buergeri. Journal of Biorheology, 38(2), 65-72."
"Jackson_1997","\citep{Jackson:1997aa}","Jackson, G. D. (1997). Age, growth and maturation of the deepwater squid Moroteuthis ingens (Cephalopoda: Onychoteuthidae) in New Zealand waters. Polar Biology, 17, 268-274."
"Jankowski_2000","\citep{Jankowski:2000aa}","Jankowski, T. (2000). Chemical composition and biomass parameters of a population of Craspedacusta sowerbii Lank1880 (Cnidaria: Limnomedusa). Journal of plankton research, 22(7), 1329-1340."
"Jennings_2002","\citep{Jennings:2002aa}","Jennings, Pinnegar, Polunin and Warr (2002). Linking size-based and trophic analyses of benthic community structure. Marine Ecology Progress Series 226"
"Joensen_2008","\citep{Joensen:2008aa}","Joensen, J., 2008. Comparative feeding ecology of the sympatric cod fishes Arctogadus glacialis and Boreogadus saida in North East Greenland evaluated from diet and stable isotope analyses (Master's thesis, Universitetet i Tromsø)."
"Jop_1987","\citep{Jop:1987aa}","Jop, K. M., & Stewart, K. W. (1987). Annual stonefly (Plecoptera) production in a second order Oklahoma Ozark stream. Journal of the North American Benthological Society, 6(1), 26-34."
"Juan_2007","\citep{Juan:2007aa}","de Juan, S., Cartes, J. E., & Demestre, M. (2007). Effects of commercial trawling activities in the diet of the flat fish Citharus linguatula (Osteichthyes: Pleuronectiformes) and the starfish Astropecten irregularis (Echinodermata: Asteroidea). Journal of Experimental Marine Biology and Ecology, 349(1), 152-169."
"Kangausaru_2018","\citep{Kangausaru:2018aa}","Kangausaru, M., 2018. Assessing the current status of local floodplain fisheries in the Okavango river, Kavango region, Namibia (Doctoral dissertation, University of Namibia)."
"Kara_2024","\citep{Kara:2024aa}","Kara, A., Bayhan, B., Taylan, B., & Babaoğlu, A. Ö. (2024). Length-weight relationships and biometry analysis of saddled seabream, Oblada melanurus (Linnaeus, 1758) in İzmir Bay (Central Aegean Sea of Türkiye)."
"Karamanlidis_2015","\cite{Karamanlidis:2015aa}","Karamanlidis, Alexandros & Dendrinos, Panagiotis. (2015). Monachus monachus, Mediterranean Monk Seal. 10.2305/IUCN.UK.2015-4.RLTS.T13653A45227543.en."
"Khan_2003","\citep{Khan:2003aa}","Khan, R.A., 2003. Observations on some aspects of the biology of horse-shoe crab, Carcinoscorpius rotundicauda (Latreille) on mud flats of Sunderban estuarine region. Rec Zool Surv India, 101:1-23."
"Kideys_2003","\citep{Kideys:2003aa}","Kideys, A. H. M. E. T., & Moghim, M. (2003). Distribution of the alien ctenophore Mnemiopsis leidyi in the Caspian Sea in August 2001. Marine Biology, 142, 163-171."
"Kilic_2022","\citep{Kilic:2022aa}","Kılıç, E., 2022. Microplastic occurrence in the gill and gastrointestinal tract of Chelon ramada (Mugilidae) in a highly urbanized region, İskenderun Bay, Türkiye. Marine Science and Technology Bulletin, 11(3), pp.309-319."
"Kim_2023","\citep{Kim:2023aa}","Kim, J., Lee, S., Nguyen, P.T. et al. Length–weight relationships and condition factors of six notothenioid fish species occurring off King George Island and Northern Victoria Land (Antarctica). Polar Biol 46, 1145–1150 (2023). https://doi-org.oregonstate.idm.oclc.org/10.1007/s00300-023-03178-w"
"King_1996","\citep{King:1996aa}","KING, C., FLUX, M., INNES, J., & FITZGERALD, B. (1996). POPULATION BIOLOGY OF SMALL MAMMALS IN PUREORA FOREST PARK: 1. CARNIVORES (MUSTELA ERMINEA, M. FURO, M. NIVALIS, AND FELIS CATUS). New Zealand Journal of Ecology, 20(2), 241-251. Retrieved from http://www.jstor.org/stable/24054475"
"King_2012","\citep{King:1979aa}","King, Carolyn M.  & Philip J. Moors (2012) The life-history tactics of mustelids, and their significance for predator control and conservation in New Zealand, New Zealand Journal of Zoology, 6:4, 619-622"
"Kocharina_1997","\citep{Kocharina:1997aa}","Kocharina, S. L. (1997). The allometric larval growth of some species of rheophilous caddisflies (Trichoptera) in Kedrovaya River (Russian Far East). Far Eastern Entomologist, (39), 1-8."
"Kreibich_2010","\citep{Kreibich:2010aa}","Kreibich, T., Hagen, W., & Saborowski, R. (2010). Food utilization of two pelagic crustaceans in the Greenland Sea: Meganyctiphanes norvegica (Euphausiacea) and Hymenodora glacialis (Decapoda, Caridea). Marine Ecology Progress Series, 413, 105-115."
"Kritzer_2002","\citep{Kritzer:2002aa}","Kritzer, J. P. (2002). Variation in the population biology of stripey bass Lutjanus carponotatus within and between two island groups on the Great Barrier Reef. Marine Ecology Progress Series, 243, 191-207."
"Kudara_2023","\citep{Kudara:2023aa}","Kudara, T., & Kochi, K. (2023). Behavioral responses of the Japanese freshwater crab, Geothelphusa dehaani, to the leech, Myxobdella sinanensis. Journal of Ethology, 41(3), 215-222."
"Kusano_2010","\citep{Kusano:2010aa}","Kusano, T., Maruyama, K., & Kaneko, S. (2010). Body size and age structure of a breeding population of the Japanese common toad, Bufo japonicus formosus (Amphibia: Bufonidae). Current Herpetology, 29(1), 23-31."
"Lai_2005","\citep{Lai:2005aa}","Lai, Yung-Chih., Tsung-Han Lee and Yeong-Choy Kam. (2005) A Skeletochronological Study on a Subtropical, Riparian Ranid (Rana swinhoana) from Different Elevations in Taiwan.  Zoological Science 22(6):653-658"
"Laporta_2024","\citep{Laporta:2024aa}","Laporta, M., Fabiano, G., Silveira, S., Manta, G., Vidal, N., & Berretta, N. (2024). Occurrence of the subtropical fish Pomacanthus paru (Pomacanthidae, Acanthuriformes) in Uruguay, Southwestern Atlantic."
"Laptikhovsky_2015","\citep{Laptikhovsky:2015aa}","Laptikhovsky, V., Brickle, P., Söffker, M., Davidson, D., Roux, M. J., Rexer-Huber, K., ... & Parker, G. (2015). Life history and population characteristics of the Antarctic starfish, Anasterias antarctica L ü tken, 1856 (Asteroidea: Forcipulatida: Asteriidae) around the Falkland Islands. Polar Biology, 38, 463-474."
"Lawrence_1973","\citep{Lawrence:1973aa}","Lawrence, J. M. (1973). Level, content, and caloric equivalents of the lipid, carbohydrate, and protein in the body components of Luidia clathrata (Echinodermata: Asteroidea: Platyasterida) in Tampa Bay. Journal of Experimental Marine Biology and Ecology, 11(3), 263-274."
"Lawson_2013","\citep{Lawson-Emmanuel:2013aa}","Lawson Emmanuel, O., Oluwakemi, A. P., & Omobolaji, G. A. Aspects of the Biology of African Moony, Monodactylus sebae from Badagry Creek, Lagos, Nigeria. cal, 1, X2. Advances in Life Science and Technology Vol.12, 2013"
"LeDrew_1975","\citep{LeDrew:1975aa}","LeDrew, B.R. and Green, J.M., 1975. Biology of the radiated shanny Ulvaria subbifurcata Storer in Newfoundland (Pisces: Stichaeidae). Journal of Fish Biology, 7(4), pp.485-495."
"Leitao_2006","\citep{Leitao:2006aa}","R. Leitão, F. Martinho, J.M. Neto, H. Cabral, J.C. Marques, M.A. Pardal, 2006, Feeding ecology, population structure and distribution of Pomatoschistus microps (Krøyer, 1838) and Pomatoschistus minutus (Pallas, 1770) in a temperate estuary, Portugal, Estuarine, Coastal and Shelf Science, 66, 1–2, 231-239,"
"Leite_2023","\citep{Leite:2024aa}","Leite, R.D., Freire, C.A. and Wosnick, N., 2024. Morphometric analysis to aid fisheries management of two threatened guitarfish species (Pseudobatos horkelii and Pseudobatos percellens). Fisheries Management and Ecology, 31(2), p.e12661."
"LeNavenant_2021","\citep{Le-Navenant:2021aa}","Le Navenant, A., Brouchoud, C., Capowiez, Y., Rault, M., & Suchail, S. (2021). How lasting are the effects of pesticides on earwigs? A study based on energy metabolism, body weight and morphometry in two generations of Forficula auricularia from apple orchards. Science of the Total Environment, 758, 143604."
"Leonardos_2000","\citep{Leonardos:2000aa}","Leonardos, I., & Sinis, A. (2000). Age, growth and mortality of Atherina boyeri Risso, 1810 (Pisces: Atherinidae) in the Mesolongi and Etolikon lagoons (W. Greece). Fisheries research, 45(1), 81-91."
"Lewis_1992","\citep{Lewis:1992aa}","Lewis, L. M. (1992). Habitat use, diet, and parasitism of the seastar rathbunaster californicus fisher from the monterey submarine canyon, california (Order No. 1348697). Available from ProQuest Dissertations & Theses Global. (304021656). Retrieved from https://www.proquest.com/dissertations-theses/habitat-use-diet-parasitism-seastar-rathbunaster/docview/304021656/se-2"
"Lin_2017","\citep{Lin:2017aa}","Lin, H., Wang, J., Liu, W., Liu, K., Zhang, S., He, X., Huang, Y., Lin, J., Mou, J., Zheng, C. and Yan, T., 2017. Fouling community characteristics in subtropical coastal waters of the southwestern East China Sea. Acta Oceanologica Sinica, 36(10), pp.70-78."
"Lisleland_2007","\citep{Lislevand:2007aa}","Lislevand, T., Figuerola, J., & Székely, T. (2007). Avian body sizes in relation to fecundity, mating system, display behavior, and resource sharing: Ecological archives E088‐096. Ecology, 88(6), 1605-1605."
"Logan_2001","\citep{Logan:2001aa}","Logan K and Sweanor L (2001) Desert Puma: Evolutionary Ecology And Conservation Of An Enduring Carnivore. Island Press. 464."
"Lord_2013","\citep{Lord:2013aa}","Lord, L., R. Whitlatch, (2013) Impact of temperature and prey shell thickness on feeding of the oyster drill Urosalpinx cinerea Say, Journal of Experimental Marine Biology and Ecology, 448, 321-326"
"Lundberg_2006","\citep{Lundberg:2006aa}","Lundberg, M., Hop, H., Eiane, K., Gulliksen, B., & Falk-Petersen, S. (2006). Population structure and accumulation of lipids in the ctenophore Mertensia ovum. Marine Biology, 149(6), 1345-1353."
"Maciel_2012","\citep{Maciel:2012aa}","Maciel, A. O., Gomes, J. O., Costa, J. C., & Andrade, G. V. (2012). Diet, microhabitat use, and an analysis of sexual dimorphism in Caecilia gracilis (Amphibia: Gymnophiona: Caeciliidae) from a riparian forest in the Brazilian Cerrado. Journal of Herpetology, 46(1), 47-50."
"Mageski_2015","\citep{Mageski:2015aa}","Mageski, M., Ferreira, R. B., Jesus, P. R., Costa, L. C. D., Roper, J. J., & Ferreira, P. D. (2015). The island rule in the Brazilian frog Phyllodytes luteolus (Anura: Hylidae): incipient gigantism?. Zoologia (curitiba), 32(5), 329-333."
"Mah_2014","\citep{Mah:2014aa}","Mah, C., Neill, K., Eléaume, M. and Foltz, D., 2014. New species and global revision of Hippasteria (Hippasterinae: Goniasteridae; Asteroidea; Echinodermata). Zoological Journal of the Linnean Society, 171(2), pp.422-456."
"Mahe_2023","\citep{Mahe:2023aa}","Mahé, K., Baudrier, J., Larivain, A., Telliez, S., Elleboode, R., Bultel, E. and Pawlowski, L., 2023. Morphometric relationships between length and weight of 109 fish species in the Caribbean Sea (French West Indies). Animals, 13(24), p.3852."
"Mahon_1994","\citep{Mahon:1994aa}","Mahon, R., & Mahon, S. D. (1994). Structure and resilience of a tidepool fish assemblage at Barbados. Environmental Biology of Fishes, 41(1), 171-190."
"Mantelatto_2001","\citep{Mantelatto:2001aa}","Mantelatto, F. L. M., & Garcia, R. B. (2001). Biological aspects of the nonindigenous portunid crab Charybdis hellerii in the western tropical south Atlantic. Bulletin of Marine Science, 68(3), 469-477."
"Marangoni_2018","\citep{Marangoni:2018aa}","Marangoni, F., Stănescu, F., Courtis, A., Piñeiro, J.M., del Rosario Ingaramo, M., Cajade, R. and Cogălniceanu, D., 2018. Coping with aridity: life history of Chacophrys pierottii, a fossorial anuran of Gran Chaco. South American Journal of Herpetology, 13(3), pp.230-237."
"MarineWise_2025","\citep{MarineWise:2025aa}","https://marinewise.com.au/"
"Marques_2017","\citep{Marques:2017aa}","Marques, T. S., Brito, E. S., Lara, N. R., Beloto, L. M., Valadão, R. M., Camargo, P. B. D., & Verdade, L. M. (2017). The trophic niche of Mesoclemmys vanderhaegei (Testudines: Chelidae): evidence from stable isotopes. Zoologia (Curitiba), 34, e19985."
"Martinez-Palacios_1992","\citep{Martinez-Palacios:1992aa}","Martinez‐Palacios, C.A. and Ross, L.G., 1992. The reproductive biology and growth of the Central American cichlid Cichlasoma urophthalmus (Günther). Journal of Applied Ichthyology, 8(1‐4), pp.99-109."
"Matic-Skoko_2012","\citep{Matic-Skoko:2012aa}","Matić-Skoko, S., Ferri, J., Tutman, P., Skaramuca, D., Đikić, D., Lisičić, D., ... & Skaramuca, B. (2012). The age, growth and feeding habits of the European conger eel, Conger conger (L.) in the Adriatic Sea. Marine biology research, 8(10), 1012-1018."
"Matos-Caraballo_1995","\citep{Matos-Caraballo:1995aa}","Matos-Caraballo, D., & Padilla‐Peña, W. A. L. T. E. R. (1995). Description of the Tiger Grouper (Mycteroperca tigris) fishery of Vieques Puerto Rico, during 1995. In Proceedings of the Gulf and Caribbean Fisheries Institute (Vol. 48, pp. 143-153)."
"Matthews_1887","\citep{Duncan-Matthews:1887aa}","Duncan Matthews, J., 1887. Sebastes norvegicus. Journal of Natural History, 20(120), pp.445-446."
"Mayo_1976","\citep{Mayo:1976aa}","Mayo, P., & Mackie, A. M. (1976). Studies of avoidance reactions in several species of predatory British seastars (Echinodermata: Asteroidea). Marine Biology, 38, 41-49."
"McBride_2003","\citep{McBride:2003aa}","McBride, R. S., & Thurman, P. E. (2003). Reproductive biology of Hemiramphus brasiliensis and H. balao (Hemiramphidae): maturation, spawning frequency, and fecundity. The Biological Bulletin, 204(1), 57-67."
"McDermott_1987","\citep{McDermott:1987aa}","McDermott, J. J. (1987). The distribution and food habits of Nephtys bucera Ehlers, 1868,(Polychaeta: Nephtyidae) in the surf zone of a sandy beach. Proceedings of the Biological Society of Washington, 100(1), 21-27."
"Measey_2005","\citep{Measey:2005aa}","Measey, G. J., & Gower, D. J. (2005). Externally measured condition versus internal organ mass in the caecilian Gegeneophis ramaswamii (Amphibia: Gymnophiona: Caeciliidae). Zoological Science, 22(4), 445-452."
"Megina_2007","\citep{Megina:2007aa}","Megina, C., Gosliner, T., & Cervera, J. L. (2007). The use of trophic resources by a generalist eolid nudibranch Hermissenda crassicornis (Mollusca: Gastropoda). Cahiers de biologie marine, 48(1), 1."
"Meiri_2010","\citep{Meiri:2010aa}","Meiri, S. (2010). Length–weight allometries in lizards. Journal of Zoology, 281(3), 218-226."
"Meiri_2018","\citep{Meiri:2018aa}","Meiri, S. (2018). Traits of lizards of the world: Variation around a successful evolutionary design. Global ecology and biogeography, 27(10), 1168-1172."
"Miller_1975","\citep{Miller:1975aa}","Miller, P. J. (1975), Age‐structure and life‐span in the Common goby, Pomatoschistus microps. Journal of Zoology, 177: 425-448"
"Miyazawa_1985","\citep{Miyazawa:1985aa}","Miyazawa, K., Noguchi, T., Maruyama, J., Jeon, J. K., Otsuka, M., & Hashimoto, K. (1985). Occurrence of tetrodotoxin in the starfishes Astropecten polyacanthus and A. scoparius in the Seto Inland Sea. Marine Biology, 90, 61-64."
"Mnasri_2009","\citep{Mnasri:2009aa}","Mnasri, N.É.J.I.A., Boumaïza, M.O.N.C.E.F. and Capapé, C.H.R.I.S.T.I.A.N., 2009. Morphological data, biological observations and occurrence of a rare skate, Leucoraja circularis (Chondrichthyes: Rajidae), off the northern coast of Tunisia (central Mediterranean). Pan-American Journal of Aquatic Sciences, 4(1), pp.70-78."
"Mohamad_2016","\citep{Mohamad:2016aa}","Mohamad, F., Manca, Azwarfarid, Ahmad, A., Fawwaz, M., Sofa, H.M., Alia'M, A.A., Ismail, N.W. 2016. Width-weight and length-weight relationships of the tri-spine horseshoe crab, Tachypleus tridentatus (Leach 1819) from two populations in Sabah, Malaysia: Implications for population management. Journal of Sustainability Science and Management 11(1): 1-13."
"Montgomery_2014","\citep{Montgomery:2014aa}","Montgomery, E. M. (2014). Predicting crawling speed relative to mass in sea stars. Journal of experimental marine biology and ecology, 458, 27-33."
"Moya-Ruiz_2003","\citep{Moya-Ruiz:2003aa}","Moya-Ruiz, F., Ramos, A., & Manjón-Cabeza, M. E. (2003). Distribution and ecology of Ophionotus victoriae Bell, 1902 (Ophiuroidea, Echinodermata) in the South Shetland Islands area (Antarctica). Bol. Inst. Esp. Oceanogr. 19 (1-4). 2003: 49-55"
"Musick_1973","\citep{Musick:1973aa}","Musick, J.A., 1973. Meristic And Morphometric Comparison Of Hakes, Urophycis-Chuss And Urophycis-Tenuis (Pisces, Gadidae). Fishery Bulletin, 71(2), p.479."
"Nakagawa_2014","\citep{Nakagawa:2014aa}","Nakagawa, H., & Takemon, Y. (2014). Length-mass relationships of macro-invertebrates in a freshwater stream in Japan. Aquatic Insects, 36(1), 53-61."
"Nakamura_2023","\citep{Nakamura:2023aa}","Nakamura, Y., Zhang, H. and Yamaguchi, A., 2023, July. Vertical Distribution, Community and Population Structures of the Planktonic Chaetognatha in the Western Subarctic Pacific: Insights on the Eukrohnia Species Group. In Oceans (Vol. 4, No. 3, pp. 253-268). MDPI."
"Navarrete_2008","\citep{Navarrete:2008aa}","Navarrete, S.A. and Manzur, T., 2008. Individual‐and population‐level responses of a keystone predator to geographic variation in prey. Ecology, 89(7), pp.2005-2018."
"Ndiaye_2015","\citep{Ndiaye:2015aa}","Ndiaye, W., Sarr, A., Diour, M., Faye, A., & Mbodji, A. (2015). Length-weight relationships of some fish species from the Saloum Delta, Senegal. Int. J. Adv. Res, 3(4), 132-138."
"Nelemans_1987","\citep{Nelemans:1987aa}","Nelemans, M.N.E., 1987. Possibilities for flight in the carabid beetle Nebria brevicollis (F.) The importance of food during larval growth. Oecologia, 72(4), pp.502-509."
"Neves_2015","\citep{Neves:2015aa}","Neves, A., Sequeira, V., Vieira, A. R., Paiva, R. B., & Gordo, L. S. (2015). Age and growth of small red scorpionfish, Scorpaena notata (Actinopterygii: Scorpaeniformes: Scorpaenidae), a common discard species from the Portuguese fishery. Acta Ichthyologica et Piscatoria, 45, 13-20."
"Ngo_2013","\citep{Ngo:2013aa}","Ngo, B.V., Ngo, C.D. and Hou, P.C.L., 2013. Reproductive ecology of Quasipaa verrucospinosa (Bourret, 1937): living in the tropical rain forests of central Vietnam. Journal of Herpetology, 47(1), pp.138-147."
"Ngo_2014","\citep{Ngo:2014aa}","Ngo, B.V., Hoang, N.T. and Ngo, C.D., 2014. Diet of the Bannan Caecilian Ichthyophis bannanicus (Amphibia: Gymnophiona: Ichthyophiidae) in the Mekong Delta, Vietnam. Journal of Herpetology, 48(4), pp.506-513."
"Nielsen_2011","\citep{Nielsen:2011aa}","Nielsen, T. V., & Gosselin, L. A. (2011). Can a scavenger benefit from environmental stress? Role of salinity stress and abundance of preferred food items in controlling population abundance of the snail Lirabuccinum dirum. Journal of experimental marine biology and ecology, 410, 80-86."
"Nishimura_1999","\citep{Nishimura:1999aa}","Nishimura, A., Nagasawa, K., Asanuma, T., Aoki, H., & Kubota, T. (1999). Age, growth, and feeding habits of lanternfish, Stenobrachius leucopsarus (Myctophidae), collected from the near-surface layer in the Bering Sea. Fisheries science, 65(1), 11-15."
"Nørgaard_2006","\citep{Norgaard:2006aa}","Nørgaard, T., Henschel, J. R., & Wehner, R. (2006). The night-time temporal window of locomotor activity in the Namib Desert long-distance wandering spider, Leucorchestris arenicola. Journal of Comparative Physiology A, 192, 365-372."
"Obrien_1993","\citep{OBrien:1993aa}","O'Brien, L., Burnett, J., & Mayo, R. K. (1993). Maturation of nineteen species of finfish off the northeast coast of the United States, 1985-1990 (p. 113). US Department of Commerce, National Oceanic and Atmospheric Administration, National Marine Fisheries Service."
"Oliveira_2017","\citep{Oliveira:2017aa}","B. F. Oliveira, V. A. S˜ao-Pedro, G. Santos-Barrera, C. Penone, and G. C. Costa. AmphiBIO, a global database for amphibian ecological traits. Scientific Data, 4(1):170123, 2017."
"Olopade_2018","\citep{OLOPADE:2018aa}","OLOPADE, O.A., DIENYE, H.E. and EYEKPEGHA, A., 2018. Length frequency distribution, length-weight relationship and condition factor of cichlid fishes (Teleostei: Cichlidae) from the New Calabar River, Nigeria. Iranian Journal of Ichthyology, 5(1), pp.74-80."
"Ottesen_2004","\citep{Ottesen:2004aa}","Ottesen, C. (2004). Taxonomy, morphology and biology of Triglops murrayi and Triglops nybelini (family Cottidae) obtained at Svalbard and Jan Mayen. Master of Marine Biology thesis, University of Tromsø, Tromsø, Norway."
"Owre_1960","\citep{Owre:1960aa}","Owre, H. B. (1960). Plankton of the Florida Current. Part VI. The Chaetognatha. Bulletin of Marine Science, 10(3), 255-322."
"Pan_2015","\citep{Pan:2015aa}","Pan, M., Ouréns, R., Dione, L., Samba, I., Sánchez‐Carnero, N. and Freire, J., 2015. Length–weight relationships for 13 fish species from a coastal artisanal fishery at Cape Verde peninsula (Senegal). Journal of Applied Ichthyology, 31(6), pp.1177-1179."
"Pappantoniou_1984","\citep{Pappantoniou:1984aa}","Pappantoniou, A., Dale, G., & Schmidt, R. E. (1984). Aspects of the life history of the cutlips minnow, Exoglossum maxillingua, from two eastern Pennsylvania streams. Journal of Freshwater Ecology, 2(5), 449-458."
"Pareja-Mejia_2023","\citep{Pareja-Mejia:2023aa}","Pareja-Mejía, D., Benevides, J., Gomes, L., Moreira Da Silva Neto, E., Queiroz Menezes, V., Silva Roseno, R., ... & Solé, M. (2023). Following the footsteps of Burmeister's leaf frog (Phyllomedusa burmeisteri) in the Atlantic forest of Brazil. Scientific Reports, 13(1), 16698."
"Park_2023","\citep{Park:2023aa}","Park, J.K. and Do, Y., 2023. Seasonal pattern of advertisement calling and physiology in prolonged breeding Anurans, Japanese Tree Frog (Dryophytes japonicus). Animals, 13(10), p.1612."
"Pastor-de-Ward_2007","\citep{Pastor-de-Ward:2007aa}","Pastor-de-Ward, C. T., Rubilar, T., Díaz-de-Vivar, M. E., Gonzalez-Pisani, X., Zarate, E., Kroeck, M., & Morsan, E. (2007). Reproductive biology of Cosmasterias lurida (Echinodermata: Asteroidea) an anthropogenically influenced substratum from Golfo Nuevo, northern Patagonia (Argentina). Marine Biology, 151, 205-217."
"Petersen_1999","\citep{Petersen:1999aa}","Petersen, M. K. (1999). Capacity of Bembidion lampros and Tachyporus hypnorum to survive periods of starvation in early spring. Entomologia Experimentalis et Applicata, 90(2), 207-214."
"PiedraCastro_2018","\citep{Piedra-Castro:2018aa}","Piedra Castro, L. M., & Araya-Vargas, A. (2018). Mass mortality of Canthigaster rostrata (Tetraodontiformes: Tetraodontidae) on the southern Costa Rican Caribbean coast. Rev. Mar. Cost. ESSN 1659-407X. Vol. 10 (1): 31-37, Enero-Junio 2018."
"Pollom_2014","\citep{Pollom:2014aa}","Pollom, R. (2014). Syngnathus typhle. The IUCN Red List of Threatened Species 2014: e. T198767A46263316."
"Pombo_2005","\citep{Pombo:2005aa}","Pombo, Lúcia, Mike Elliott, and José Eduardo Rebelo. ""Ecology, age and growth of Atherina boyeri and Atherina presbyter in the Ria de Aveiro, Portugal."" Cybium 29, no. 1 (2005): 47-55."
"Price_1980","\citep{Price:1980aa}","Price, R., & Warwick, R. M. (1980). Temporal variations in annual production and biomass in estuarine populations of two polychaetes, Nephtys hombergi and Ampharete acutifrons. Journal of the Marine Biological Association of the United Kingdom, 60(2), 481-487."
"Rabby_2022","\citep{Rabby:2022aa}","Rabby, A.F., Haque, M.A., Islam, M.A., Hasan, S.J., Rahman, M.A. and Mahmud, Y., 2022. Population dynamics of Gray eel catfish (Plotosus canius Hamilton, 1822) at mangrove estuary in Bangladesh. Iranian Journal of Fisheries Sciences, 21(1), pp.247-263."
"Randall_1967","\citep{Randall:1967aa}","Randall, J. E. (1967). Food habits of reef fishes of the West Indies. Contribution from the Institute of Marine Biology, University of Puerto Rico, Mayaguez, P. R."
"Ranney_2024","\citep{Ranney:2023aa}","Steven H. Ranney, Steven R. Chipps, and David H. Wahl. 2024. Effect of feeding history on metabolic rate of largemouth bass (Micropterus nigricans): implications for bioenergetics models. Canadian Journal of Zoology. 102(3): 207-216. https://doi.org/10.1139/cjz-2023-0047"
"Reading_1995","\citep{Reading:1995aa}","Reading C. J. and R. T. Clarke. (1995)  The effects of density, rainfall and environmental temperature on body condition and fecundity in the common toad, Bufo bufo. Oecologia 102(4): 453–459"
"Reboucas_2018","\citep{Reboucas:2013aa}","Reboucas, R., Castro, I.M. and Sole, M., 2013. Diet of Haddadus binotatus (Spix, 1824)(Anura: Craugastoridae) in Brazilian Atlantic Rainforest, Bahia state. North-Western Journal of Zoology, 9(2)."
"Reding_2012","\citep{Reding:2012aa}","REDING, D. M., BRONIKOWSKI, A. M., JOHNSON, W. E. and CLARK, W. R. (2012), Pleistocene and ecological effects on continental‐scale genetic differentiation in the bobcat (Lynx rufus). Molecular Ecology, 21: 3078-3093"
"Reid_1991","\citep{Reid:1991aa}","Reid, R. N., Radosh, D. J., Frame, A. B., & Fromm, S. A. (1991). Benthic macrofauna of the New York Bight, 1979-89. Technical report (No. PB-92-133792/XAB; NOAA-TR-NMFS-103). National Marine Fisheries Service, Highlands, NJ (United States). Sandy Hook Lab.."
"Reynolds_1996","\citep{Reynolds:1966aa}","Reynolds, A. E. (1966). A Comparative Study of Plethodon glutinosus and Plethodon jordani (melaventris) with Respect to External Form. In Proceedings of the Indiana Academy of Science (Vol. 76, pp. 408-420)."
"Robertson_1984","\citep{Robertson:1984aa}","Robertson, D. R. (1984). Cohabitation of competing territorial damselfishes on a Caribbean coral reef. Ecology, 65(4), 1121-1135."
"Robinson_2010","\citep{Robinson:2010aa}","Robsinon, L.A., S.P.R. Greenstreet, H. Reiss, R. Callaway, J. Craeymeersch, I. De Boois, S. DeGraer, S. Ehrich, H.M. Fraser, A. Goffin, I. Kroncke, L. Lindal Jorgenson, M.R. Robertson, J. Lancaster. 2010. Length-weight relationships of 216 North Sea benthic invertebrates and fish. Journal of the Marine Biological Association of the United Kingdom. 90:95-104."
"Rocha_2011","\citep{Rocha:2011aa}","Rocha, C. F., Vrcibradic, D., Kiefer, M. C., Siqueira, C. C., Almeida-Gomes, M., Borges Júnior, V. N., ... & Sluys, M. V. (2011). Parameters from the community of leaf-litter frogs from Estação Ecológica Estadual Paraíso, Guapimirim, Rio de Janeiro State, southeastern Brazil. Anais da Academia Brasileira de Ciências, 83, 1259-1268."
"Rodriguez_2023","\citep{Rodriguez:2023aa}","Rodriguez, A., Mendoza, K. and Paramo, J., 2023. Length‐Weight Relationships and Relative Condition Factor of 53 Species of Shallow‐Water Fish in the Colombian Caribbean Sea. Journal of Applied Ichthyology, 2023(1), p.6632464."
"Rogers_2013","\citep{Rogers:2013aa}","Rogers, T. and J. K. Elliott (2013) Differences in relative abundance and size structure of the sea stars Pisaster ochraceus and Evasterias troschelii among habitat types in Puget Sound, Washington, USA. Marine Biology 160(4): 853-865"
"Rosenberg_1997","\citep{Rosenberg:1997aa}","Rosenberg, R., Nilsson, H. C., Hollertz, K., & Hellman, B. (1997). Density-dependent migration in an Amphiura filiformis (Amphiuridae, Echinodermata) infaunal population. Marine Ecology Progress Series, 159, 121-131."
"Ross_2003","\citep{Ross:2003aa}","Ross, S. W., & Rohde, F. C. (2003). Collections of ophichthid eels on the surface at night off North Carolina. Bulletin of marine science, 72(1), 241-246."
"Ross_2013","\citep{Ross:2013aa}","Ross, D. A., Hamel, J. F., & Mercier, A. (2013). Bathymetric and interspecific variability in maternal reproductive investment and diet of eurybathic echinoderms. Deep Sea Research Part II: Topical Studies in Oceanography, 94, 333-342."
"Rouleau_1995","\citep{Rouleau:1995aa}","Rouleau, C., Pelletier, E., & Tjälve, H. (1995). Distribution kinetics of trophic single doses of methylmercury, tributyltin, and corresponding inorganic ions in the starfish Leptasterias polaris. Marine Ecology Progress Series, 124, 143-158."
"Roux_2002","\citep{Roux:2002aa}","Roux, A., Calcagno, J., & Bremec, C. (2002). Macrobenthic assemblages of demersal fishing grounds off the South Georgia Islands."" R/V Eduardo Holmberg"" survey, February-March, 1994. Archive of Fishery and Marine Research, 49(3), 231-241."
"Rowe_1977","\citep{Rowe:1977aa}","Rowe G. T., R. L. Haedrich, P. T. Polloni, C. H. Clifford (1977) EPIFAUNAL MEGABENTHOS IN DWD 106 In  Systematics Laboratory National Museum of Natural History Washington, DC 20560. Baseline Report of Environmental Conditions in Deepwater Dumpsite 106: Biological characteristics, 2, 423. (eds. Pawson, D. L.)"
"Sadio_2024","\citep{Sadio:2024aa}","Sadio, O., Simier, M., De Morais, L. T., & Le Loc’h, F. (2024). Length-weight relationships of 20 fish species from Fatala estuary, Guinea-Conakry, West Africa. Scientific contributions, 49."
"Samsun_2004","\citep{Samsun:2004aa}","Samsun, O., Samsun, N., & Karamollaoğlu, A. C. (2004). Age, growth, and mortality rates of the European Anchovy (Engraulis encrasicolus L. 1758) off the Turkish Black Sea Coast. Turkish Journal of Veterinary and Animal Sciences, 28(5), 901-910."
"Santic_2011","\citep{Santic:2011aa}","Šantić, M., Rađa, B., & Paladin, A. (2011). Condition and length-weight relationship of the horse mackerel (Trachurus trachurus L.) and the Mediterranean horse mackerel (Trachurus mediterraneus L.) from the eastern Adriatic Sea. Archives of biological sciences, 63(2), 421-428."
"Santini_2018","\citep{Santini:2018aa}","Santini, L., BENÍTEZ‐LÓPEZ, A., Ficetola, G. F., & Huijbregts, M. A. (2018). Length–mass allometries in amphibians. Integrative zoology, 13(1), 36-45."
"SantoAquino_2024","\citep{Santo-Aquino:2024aa}","Santo Aquino, G. G. D. E., de Sena Oliveira, R. R., Giarrizzo, T., & Andrade, M. C. (2024). Length–weight relationships of the estuarine fish species in the second largest mangrove area in the world, Brazil. Boletim do Instituto de Pesca, 50."
"Santos_2021","\citep{Santos:2021aa}","Santos, R., Medeiros-Leal, W., Novoa-Pabon, A., Pinho, M., Isidro, E., & Melo, O. (2021). Unraveling distributional patterns and life-history traits of a deep-water shrimp Plesionika edwardsii (Decapoda, Pandalidae) under unexploited virgin conditions: A benchmark for fisheries management. Nauplius, 29, e2021008."
"Savage_2022","\citep{Savage:2022aa}","Savage, G., Porter, A., & Simpson, S. D. (2022). Uptake of microplastics by the snakelocks anemone (Anemonia viridis) is commonplace across environmental conditions. Science of The Total Environment, 836, 155144. https://doi.org/10.1016/j.scitotenv.2022.155144"
"Schneider_2000","\citep{Schneider:2000aa}","Schneider, James C., P. W. Laarman, and H. Gowing. 2000. Length-weight relationships. Chapter 17 in Schneider, James C. (ed.) 2000. Manual of fisheries survey methods II: with periodic updates. Michigan Department of Natural Resources, Fisheries Special Report 25, Ann Arbor"
"Schwartz_2006","\citep{Schwartz:2006aa}","SCHWARTZ, F. J. (2006). BALISTID, TRIGGERFISHES, AND MONACANTHID FILEFISHES (TETRAODONTIFORMES) OF NORTH CAROLINA. Journal of the North Carolina Academy of Science, 118-124."
"Scolardi_2006","\citep{Scolardi:2006aa}","Scolardi, K. M., Daly, K. L., Pakhomov, E. A., & Torres, J. J. (2006). Feeding ecology and metabolism of the Antarctic cydippid ctenophore Callianira antarctica. Marine Ecology Progress Series, 317, 111-126."
"Sedberry_1993","\citep{Sedberry:1993aa}","Sedberry, G. R., & Carter, J. (1993). The fish community of a shallow tropical lagoon in Belize, Central America. Estuaries, 16(2), 198-215."
"Sehman_1977","\citep{Sehman:1977aa}","Sehman, R.W., 1977. Hibernaculum dynamics of the Great Basin rattlesnake (Crotalus viridis lutosus) (Doctoral dissertation, Idaho State University)."
"Semushin_2015","\citep{Semushin:2015aa}","Semushin, A. V., Fuks, G. V., & Shilova, N. A. (2015). Flatfishes of the White Sea: New data on the biology of the Arctic flounder Liopsetta glacialis, European flounder Platichthys flesus, and common dab Limanda limanda. Journal of Ichthyology, 55(4), 527-539."
"Senta_1977","\citep{Senta:1977aa}","Senta, T. (1977). Species and size composition of priacanthid fishes in the South China Sea and adjacent waters. 長崎大学水産学部研究報告, 42, 25-31."
"Sethi_2012","\citep{Sethi:2012aa}","Sethi, S. N., & Pattnaik, P. (2012). Record of the sea slug, Kalinga ornata Alder & Hancock, 1864 from the inshore waters of Bay of Bengal along Chennai coast. Indian journal of Fisheries, 59(1), 151-154."
"Short_2018","\citep{Short:1987aa}","Short, R. A., Stanley, E. H., Harrison, J. W., and Epperson, C. R. 2018. Production of Corydalus cornutus (Megaloptera) in Four Streams Differing in Size, Flow, and Temperature. Journal of the North American Benthological Society 6(2): 105-114."
"Shuay_2025","\citep{Mohamed:2025aa}","Shuay A.G.H., Alaswad M.M., Ali R.A.S., and Ali S.M. (2025) Some Morphological Traits of the Atlantic Lizardfish Synodus Saurus in the Southern Mediterranean Sea, International Journal of Fisheries and Aquaculture Research, 11 (1), 1-17"
"Siegler_1977","\citep{Siegler:1977aa}","Melody V. S. Siegler; Motor Neurone Coordination and Sensory Modulation in the Feeding System of the Mollusc Pleurobranchaea Californica. J Exp Biol 1 December 1977; 71 (1): 27–48. doi: https://doi.org/10.1242/jeb.71.1.27"
"Silveira_2020","\citep{Silveira:2020aa}","Silveira, R. B., Silva, J. C. D., Benício, L., & Silva, J. R. S. (2020). Biology of Hippocampus patagonicus (Syngnathidae) in Brazilian waters. A species threatened with extinction, with suggestions for the conservation of seahorses in Brazil. Latin american journal of aquatic research, 48(1), 47-57."
"Simier_2021","\citep{Simier:2021aa}","Simier, M., Osse, O. J. F., Sadio, O., & Ecoutin, J. M. (2021). Biology and ecology of sea catfish (Ariidae) of estuarine, lagoon and coastal ecosystems in West Africa. Journal of fish biology, 99(2), 629-643."
"Sinclair_2015","\citep{Sinclair:2015aa}","Sinclair, E. H., Walker, W. A., & Thomason, J. R. (2015). Body size regression formulae, proximate composition and energy density of eastern Bering Sea mesopelagic fish and squid. PLoS One, 10(8), e0132289."
"Skold_1996","\citep{Skold:1996aa}","Sköld, M., & Gunnarsson, J. S. (1996). Somatic and germinal growth of the infaunal brittle stars Amphiura filiformis and A. chiajei in response to organic enrichment. Marine Ecology Progress Series, 142, 203-214."
"Sloan_1983","\citep{Sloan:1983aa}","Sloan, N. A., & Robinson, S. M. C. (1983). Winter feeding by asteroids on a subtidal sandbed in British Columbia. Ophelia, 22(2), 125-140."
"Sluys_2001","\citep{Van-Sluys:2001aa}","Van Sluys, M., Rocha, C.F.D. and Souza, M.B., 2001. Diet, reproduction, and density of the leptodactylid litter frog Zachaenus parvulus in an Atlantic rain forest of southeastern Brazil. Journal of Herpetology, pp.322-325."
"Smith_1948","\citep{Smith:1948aa}","Smith, H.M., Nixon, C.W. and Smith, P.E., 1948. A partial description of the tadpole of Rana areolata circulosa and notes on the natural history of the race. The American Midland Naturalist, 39(3), pp.608-614."
"Smith_1990","\citep{Smith:1990aa}","Smith, T.B. 1990. Natural selection on bill characters in the two bill morphs of the African finch Pyrenestes ostrinus. Evolution. 44:832-842."
"Smith_2003","\citep{Smith:2003aa}","Smith, F.A., Lyons, S.K., Ernest, S.K.M., Jones, K.E., Kaufman, D.M., Dayan, T., Marquet, P.A., Brown, J.H. and Haskell, J.P. (2003), BODY MASS OF LATE QUATERNARY MAMMALS. Ecology, 84: 3403-3403."
"Sole_2019","\citep{Sole:2019aa}","Sole, M., Dias, I. R., Rodrigues, E. A., Marciano-Jr, E., Branco, S. M., & Roedder, D. (2019). Diet of Leptodactylus spixi (Anura: Leptodactylidae) from a cacao plantation in southern Bahia, Brazil. North-Western Journal of Zoology, 15(1)."
"Spong_2002","\citep{Spong:2002aa}","Spong, G. and L. Hellborg. 2002. A near-extinction event in lynx: do microsatellite data tell the tale? Conservation Ecology 6(1): 15"
"Stefanelli-Silva_2024","\citep{Stefanelli-Silva:2024aa}","Stefanelli-Silva, G., Friedemann, P., Rocha de Moraes, B., Ando, R. A., Campos, L. D. S., Petti, M. A. V., ... & Sumida, P. Y. G. (2024). Bottom-Feeders Eat Their Fiber: Ingestion of Anthropogenic Microdebris by Antarctic Deep-Sea Invertebrates Depends on Feeding Ecology. Environmental Science & Technology, 58(50), 22355-22367."
"Steward_2009","\citep{Steward:2009aa}","Steward, C. A., DeMaria, K. D., & Shenker, J. M. (2009). Using otolith morphometrics to quickly and inexpensively predict age in the gray angelfish (Pomacanthus arcuatus). Fisheries Research, 99(2), 123-129."
"Strickland_1987","\citep{Strickland:1987aa}","Strickland, M.A.; Douglas, C.W. Marten. In: Novak, M.; Baker, J.A.; Obbard, M.E., comps. eds. Wild furbearer management and conservation in North America. North Bay, Ontario: Ontario Trap- pers Association: 530-546"
"Stuart_1991","\citep{Stuart:1991aa}","Stuart, V. and Verheye, H.M., 1991. Diel migration and feeding patterns of the chaetognath, Sagitta friderici, off the west coast of South Africa."
"Suntsova_2008","\citep{Suntsov:2008aa}","Suntsov, A. V., & Brodeur, R. D. (2008). Trophic ecology of three dominant myctophid species in the northern California Current region. Marine Ecology Progress Series, 373, 81-96."
"Takahashi_2004","\citep{Takahashi:2004aa}","Takahashi, K., & Kawaguchi, K. (2004). Reproductive biology of the intertidal and infralittoral mysids Archaeomysis kokuboi and A. japonica on a sandy beach in NE Japan. Marine Ecology Progress Series, 283, 219-231."
"Taylor_2004","\citep{Taylor:2004aa}","Taylor and Peck (2004) Daily energy requirements and trophic positioning of the sand shrimp Crangon septemspinosa. Marine Biology 145(1) 167–177."
"Tenorio_2017","\citep{Tenorio:2017aa}","Tenório, J. C. S., Emanuel dos santos Lima, Diego Santos de Lima, Ivson Leon Rodrigues Ferreira, Marina de Sá Leitão Câmara de Araújo. (2017). ECOLOGIA DE Pleurodema diplolister (Peters, 1870) NUMA ÁREA DE CAATINGA NA ZONA RURAL DO MUNICÍPIO DE PARANATAMA-PE. Revista Nordestina de Zoologia, 11(1): 54-59."
"Terrie_1999","\cite{Terrie:1999aa}","Terrie M. Williams, J. E. Haun, W. A. Friedl; The diving physiology of bottlenose dolphins (Tursiops truncatus): I. Balancing the demands of exercise for energy conservation at depth. J Exp Biol 15 October 1999; 202 (20): 2739–2748. doi: https://doi.org/10.1242/jeb.202.20.2739"
"Tian_2022","\citep{Tian:2022aa}","Tian, H., Jiang, Y., Zhang, J., Xu, S., Chen, Z., & Zhu, J. (2022). Age and growth of Diaphus brachycephalus in the South China Sea using sagittal otolith microstructure. Fishes, 7(4), 169."
"Tobias_2022","\citep{Tobias:2022aa}","Tobias, J.A., Sheard, C., Pigot, A.L., Devenish, A.J.M., Yang, J., Sayol, F., et al. (2022) AVONET: morphological, ecological and geographical data for all birds. Ecology Letters, 25, 581–597."
"Tokranov_2025","\citep{Tokranov:2025aa}","Tokranov, A. M., Emelin, P. O., & Orlov, A. M. (2025). Distribution, life history traits, and ecological significance of bigeye sculpin Triglops nybelini (Cottidae) in Siberian Arctic marine ecosystems. Fisheries Research, 281, 107265."
"Toru_1957","\citep{Toru:1957aa}","Toru, T. and Yoshiyuki, T., 1957. Fatty oils of aquatic invertebrates: XVII. Fatty oils from one species of the ophiuroidea, Three species of the asteroidea and Three species of the loricata with a particular reference to their sterol components. Memoirs of the Faculty of Engineering, Nagoya University, 8(2), pp.177-182."
"Town_1979","\citep{Town:1979aa}","Town, J.C., 1979. Aspects of the biology of Astrostole scabra (Hutton, 1872)."
"Truesdale_2019","\citep{Truesdale:2019aa}","Truesdale, C. L., McManus, M. C., & Collie, J. S. (2019). Growth and molting characteristics of Jonah crab (Cancer borealis) in Rhode Island Sound. Fisheries Research, 211, 13-20."
"Tsang_2007","\citep{Tsang:2007aa}","Tsang, W.N., Chaillé, P.M. and Collins, P.M., 2007. Growth and reproductive performance in cultured nearshore rockfish (Sebastes spp.). Aquaculture, 266(1-4), pp.236-245."
"Tsang_2024","\citep{Tsang:2024aa}","Tsang, H. H., Joyce, P. W., & Falkenberg, L. J. (2024). Temperature-dependent responses and trophic interaction strengths of a predatory marine gastropod and rock oyster under ocean warming. Marine Environmental Research, 201, 106675."
"Tsikliras_2014","\citep{Tsikliras:2015aa}","TSIKLIRAS, A., & STERGIOU, K. (2014). Age at maturity of Mediterranean marine fishes. Mediterranean Marine Science, 16(1), 5-20. doi:http://dx.doi.org/10.12681/mms.659"
"Vanegas_2016","\citep{Vanegas-Guerrero:2016aa}","Vanegas-Guerrero, J., Gonzalez-Duran, G. A., & Escobar-Lasso, S. (2016). Distribution, diet, and vocalizations of the endangered Colombian toad Osornophryne percrassa (Anura, Bufonidae). Herpetological Conservation and Biology, 11(1), 90-100."
"Vanicek_1969","\citep{Vanicek:1969aa}","Vanicek, C.D. and Kramer, R.H., 1969. Life history of the Colorado squawfish, Ptychocheilus lucius, and the Colorado chub, Gila robusta, in the Green River in Dinosaur National Monument, 1964–1966. Transactions of the American Fisheries Society, 98(2), pp.193-208."
"Varghese_2014","\citep{Varghese:2014aa}","Varghese, S.P., Somvanshi, V.S. and Dalvi, R.S., 2014. Diet composition, feeding niche partitioning and trophic organisation of large pelagic predatory fishes in the eastern Arabian Sea. Hydrobiologia, 736(1), pp.99-114."
"Vera-Candioti_2019","\citep{Vera-Candioti:2019aa}","Vera-Candioti, J., D'andrea, M. F., & Brodeur, J. C. (2019). Body condition of Pseudis minuta Günther, 1858 (Anura: Hylidae) inhabiting an agroecosystem from south Santa Fe Province, Argentina. Herpetology Notes, 12, 13-17."
"Vermeij_1980","\citep{Vermeij:1980aa}","Vermeij, G.J. and Currey, J.D., 1980. Geographical variation in the strength of thaidid snail shells. The Biological Bulletin, 158(3), pp.383-389."
"Viana_2016","\citep{Viana:2016aa}","Viana, A.P., Lucena-Fredou, F., Ménard, F., Fredou, T., Ferreira, V., Lira, A.S. and Le Loc’H, F., 2016. Length–weight relations of 70 fish species (Actinopterygii) from tropical coastal region of Pernambuco, Northeast Brazil. Acta Ichthyologica et Piscatoria, 46, pp.271-277."
"Vistisen_1997","\citep{Vistisen:1997aa}","Vistisen, B. and Vismann, B., 1997. Tolerance to low oxygen and sulfide in Amphiura filiformis and Ophiura albida (Echinodermata: Ophiuroidea). Marine Biology, 128(2), pp.241-246."
"Wang_2018","\citep{Wang:2018aa}","Wang, L., Li, Y., Zhang, R., Tian, Y., & Lin, L. (2018). Length‐weight relationships of five lanternfishes (Myctophidae) from the high seas of Northwestern Pacific Ocean. Journal of Applied Ichthyology, 34(6), 1340-1342."
"Wang_2022","\citep{Wang:2022aa}","Wang, J., Liu, W., Li, P., Tang, F. and Lu, W., 2022. Estimation of Coregonus ussuriensis age, growth, and maturation in China’s Amur River. PeerJ, 10, p.e12817."
"Ward_1988","\citep{Ward:1988aa}","Ward, S., & Quinn, G. P. (1988). Preliminary investigations of the ecology of the intertidal predatory gastropod Lepsiella vinosa (Lamarck)(Gastropoda Muricidae). Journal of Molluscan Studies, 54(1), 109-117."
"Wasonga_2007","\citep{Victor-Wasonga:2007aa}","Victor Wasonga, D., Bekele, A., Lötters, S. and Balakrishnan, M., 2007. Amphibian abundance and diversity in Meru national park, Kenya. African Journal of Ecology, 45(1), pp.55-61."
"Watson_2007","\citep{Watson:2007aa}","Watson, G. J., Farrell, P., Stanton, S., & Skidmore, L. C. (2007). Effects of bait collection on Nereis virens populations and macrofaunal communities in the Solent, UK. Journal of the Marine Biological Association of the United Kingdom, 87(3), 703-716."
"Webster_1975","\citep{Webster:1975aa}","Webster, S. K. (1975). Oxygen consumption in echinoderms from several geographical locations, with particular reference to the Echinoidea. The Biological Bulletin, 148(1), 157-164."
"Welch_1992","\citep{Welch:1992aa}","WELCH, HAROLD E., MARTIN A. BERGMANN,TIMOTHY D. SIFERD, KATHLEEN A. MARTIN, MARTIN F. CURTIS, RICHARD E. CRAWFORD, ROBERT J. CONOVER and HAAKON HOP, (1992) Energy Flow through the Marine Ecosystem of the Lancaster Sound Region, Arctic Canada. 45(4): 343-357"
"Welicky_2018","\citep{Welicky:2018aa}","Welicky, R. L., Parkyn, D. C., & Sikkel, P. C. (2018). Host-dependent differences in measures of condition associated with Anilocra spp. parasitism in two coral reef fishes. Environmental Biology of Fishes, 101(8), 1223-1234."
"Wells_1986","\citep{Wells:1986aa}","Wells, A. W. (1986). Aspects of Ecology and Life-History of the Woolly Sculpin, Clinocottus-Analis, from Southern-California. California Fish and Game, 72(4), 213-226."
"Wereszczuk_2017","\citep{Wereszczuk:2017aa}","Wereszczuk, A., Leblois, R., & Zalewski, A. (2017). Genetic diversity and structure related to expansion history and habitat isolation: stone marten populating rural–urban habitats. BMC ecology, 17(1), 46."
"Wickens_1984","\citep{Wickens:1985aa}","Wickens, P. A., and C. L. Griffiths. 1984. Predation by Nucella cingulata (Linnaeus, 1771) on mussels, particularly Aulacomya ater (Molina, 1782). Veliger 27:366-374."
"Wignarajah_1968","\citep{Wignarajah:1968aa}","Wignarajah, S., 1968. Energy dynamics of centipede populations (Lithobiomorpha–L. crassipes and L. forficatus) in woodland ecosystems (Doctoral dissertation, Durham University)."
"Williams_1995","\citep{Williams:1995aa}","Williams, Tony D. (1995). The penguins: Spheniscidae. Oxford, England: Oxford University Press. ISBN 0-19-854667-X."
"Wilson_2000","\citep{Wilson:2000aa}","Wilson, Gregory M., Ronald A. Van Den Bussche, Phyllis K. Kennedy, Anne Gunn, and Kim Poole. 2000. GENETIC VARIABILITY OF WOLVERINES (GULO GULO) FROM THE NORTHWEST TERRITORIES, CADA: CONSERVATION IMPLICATIONS Journal of Mammalogy 81 (1), 186-196"
"Wintson_2018","\citep{Winston:2018aa}","Winston, M. S., Claisse, J. T., Williams, C. M., Williams, J. P., & Pondella, D. J. (2018). Age and growth of the Giant Kelpfish, Heterostichus rostratus Girard 1854, in Southern California, USA. Journal of Applied Ichthyology, 34(1), 91-96."
"Wolff_1992","\citep{Wolff:1992aa}","Wolff, M., & Cerda, G. (1992). Feeding ecology of the crab Cancer polyodon in La Herradura Bay, northern Chile. I. Feeding chronology, food intake, and gross growth and ecological efficiency. Marine ecology progress series, 213-219."
"Wolfson_1979","\citep{Wolfson:1979aa}","Wolfson, A., Van Blaricom, G., Davis, N., & Lewbel, G. S. (1979). The marine life of an offshore oil platform. Marine Ecology Progress Series, 1, 81-89."
"Yildirim_2006","\citep{Yildirim:2006aa}","Yildirim, A., & Peters, E. J. (2006). Life History Characteristics of Red Shiner, Cyprinella lutrensis, in the Lower Platte River, Nebraska, USA. Journal of Freshwater Ecology, 21(2), 307–314. https://doi-org.oregonstate.idm.oclc.org/10.1080/02705060.2006.9665000"
"Yoder_etal_2007","\citep{Yoder:2007aa}","Yoder, J., J.L. Tank, B.L. Brown, H.H. Hobbs III. 2007. Water exchange pertaining to host attachment sites and stream preference in crayfish-associated branchiobdellids, Cambarincola fallax and Cambarincola ingens (Annelida:Clitellata). Hydrobiologia. 592:523-533."
"Yokota_1984","\citep{Yokota:1984aa}","Stanley D.Yokota; Feeding And Excretion In The Scorpion Paruroctonus Mesaensis: Water And Material Balance. J Exp Biol 1 May 1984; 110 (1): 253–265. doi: https://doi.org/10.1242/jeb.110.1.253"
"Zhang_2024","\citep{Zhang:2024aa}","Zhang, X., Lu, Z., Chen, F., Li, B., & Yang, C. (2024). Non-lethal sampling of phalanges for heavy metal bioaccumulation in Pelophylax nigromaculatus from historical mercury mining areas in Southwestern China. Scientific Reports, 14(1), 30809."
"Zhou_1988","\citep{Zhou:1998aa}","Zhou, Shijie, Thomas C. Shirley, Gordon H. Kruse; Feeding and Growth of the Red King Crab Paralithodes Camtschaticus Under Laboratory Conditions, Journal of Crustacean Biology, Volume 18, Issue 2, 1 April 1998"
